Frame,Error (metres)
1,2.3328
2,2.346
3,2.3326
4,2.3201
5,2.3236
6,2.3093
7,2.3016
8,2.3093
9,2.3049
10,2.3134
11,2.313
12,2.3043
13,2.3154
14,2.3051
15,2.3114
16,2.3118
17,2.3171
18,2.3011
19,2.3082
20,2.2965
21,2.2893
22,2.2815
23,2.2724
24,2.2612
25,2.2643
26,2.2559
27,2.2861
28,2.279
29,2.2917
30,2.3385
31,2.3007
32,2.3188
33,2.3277
34,2.3246
35,2.31
36,2.3261
37,2.3028
38,2.3202
39,2.3074
40,2.2632
41,2.2553
42,2.3461
43,2.3408
44,2.3463
45,2.3577
46,2.3454
47,2.3309
48,2.3381
49,2.3395
50,2.3409
51,2.3367
52,2.3225
53,2.3284
54,2.3367
55,2.346
56,2.3331
57,2.3489
58,2.3425
59,2.351
60,2.3182
61,2.3118
62,2.3205
63,2.3165
64,2.3106
65,2.3107
66,2.3017
67,2.2965
68,2.2981
69,2.2845
70,2.292
71,2.296
72,2.2595
73,2.2683
74,2.268
75,2.2518
76,2.2675
77,2.2152
78,2.1968
79,2.2003
80,2.1889
81,2.1471
82,2.1701
83,2.0851
84,2.0971
85,2.1474
86,2.1161
87,2.0721
88,2.1231
89,2.0377
90,2.0767
91,2.1014
92,2.0753
93,2.0986
94,2.1136
95,2.0918
96,2.0715
97,2.0948
98,2.1059
99,2.0734
100,2.108
101,2.0654
102,2.0815
103,2.1072
104,2.1577
105,2.0899
106,2.1239
107,2.1079
108,2.1177
109,2.1218
110,2.1085
111,2.1141
112,2.1002
113,2.0103
114,2.0927
115,2.1242
116,2.0592
117,2.0819
118,2.0766
119,2.0884
120,2.0356
121,2.0838
122,2.0959
123,2.1047
124,2.1375
125,2.1696
126,2.1677
127,2.174
128,2.1861
129,2.1912
130,2.2056
131,2.204
132,2.2243
133,2.1952
134,2.2692
135,2.2751
136,2.2436
137,2.2441
138,2.2404
139,2.2345
140,2.2555
141,2.2704
142,2.2682
143,2.2725
144,2.2829
145,2.3215
146,2.2349
147,2.2331
148,2.2359
149,2.2329
150,2.2815
151,2.2831
152,2.2561
153,2.265
154,2.2983
155,2.3165
156,2.3233
157,2.3046
158,2.3069
159,2.2393
160,2.259
161,2.2797
162,2.3001
163,2.2805
164,2.268
165,2.2792
166,2.2814
167,2.1759
168,2.1881
169,2.2159
170,2.2249
171,2.206
172,2.2634
173,2.1573
174,2.208
175,2.2211
176,2.1139
177,2.1484
178,2.1698
179,2.1241
180,2.0796
181,2.0972
182,1.9957
183,2.0551
184,2.0454
185,1.9808
186,2.0213
187,2.0432
188,1.8682
189,1.8954
190,1.92
191,1.8574
192,1.8809
193,1.9069
194,1.7454
195,1.8521
196,1.8723
197,1.7992
198,1.8462
199,1.8904
200,1.8585
201,1.942
202,1.9526
203,1.779
204,1.8218
205,1.8633
206,1.731
207,1.8105
208,1.8545
209,1.8002
210,1.9066
211,1.961
212,1.7732
213,1.8351
214,1.9257
215,1.8857
216,1.9352
217,1.9753
218,1.8368
219,1.8873
220,1.948
221,1.9024
222,1.936
223,1.9932
224,1.8567
225,1.8953
226,1.9628
227,1.897
228,1.9652
229,2.0246
230,1.9551
231,2.0235
232,2.0473
233,1.9415
234,2.0055
235,2.0104
236,1.8836
237,1.9216
238,1.9632
239,1.9186
240,1.9418
241,1.9685
242,1.8446
243,1.8814
244,1.9561
245,1.8029
246,1.8583
247,1.8833
248,1.8078
249,1.8272
250,1.8828
251,1.8068
252,1.8444
253,1.877
254,1.7875
255,1.8098
256,1.8601
257,1.8774
258,1.9202
259,1.9518
260,1.8495
261,1.8978
262,1.9455
263,1.9478
264,1.9959
265,2.0405
266,1.9852
267,2.0059
268,2.0367
269,2.0876
270,2.1067
271,2.119
272,2.1573
273,2.1551
274,2.1602
275,2.2343
276,2.2169
277,2.2017
278,2.3387
279,2.3201
280,2.3163
281,2.3686
282,2.3611
283,2.3116
284,2.461
285,2.4456
286,2.4133
287,2.527
288,2.4745
289,2.4325
290,2.671
291,2.6308
292,2.5747
293,2.7251
294,2.6728
295,2.6367
296,2.8389
297,2.8035
298,2.74
299,2.8241
300,2.752
301,2.6928
302,2.9121
303,2.8425
304,2.749
305,3.0795
306,3.004
307,2.9183
308,3.1432
309,3.0632
310,2.962
311,3.2312
312,3.1407
313,3.0563
314,3.1945
315,3.1302
316,3.0367
317,3.3215
318,3.2282
319,3.1358
320,3.3152
321,3.2027
322,3.0997
323,3.4124
324,3.3051
325,3.1893
326,3.3662
327,3.2355
328,3.1173
329,3.3818
330,3.2616
331,3.1462
332,3.3796
333,3.2491
334,3.1455
335,3.3411
336,3.2249
337,3.0783
338,3.183
339,3.0816
340,2.9036
341,3.1018
342,2.951
343,2.8111
344,3.0322
345,2.8967
346,2.7421
347,2.9419
348,2.8079
349,2.6693
350,2.8493
351,2.7368
352,2.6013
353,2.8
354,2.6577
355,2.553
356,2.718
357,2.6035
358,2.4621
359,2.5711
360,2.4454
361,2.3605
362,2.5496
363,2.4439
364,2.3269
365,2.4427
366,2.3207
367,2.1931
368,2.3216
369,2.2449
370,2.1224
371,2.2741
372,2.1926
373,2.0752
374,2.2325
375,2.1532
376,2.0337
377,2.1197
378,2.0124
379,1.9173
380,1.978
381,1.9059
382,1.8245
383,1.9853
384,1.8938
385,1.818
386,1.9039
387,1.8356
388,1.7382
389,1.8879
390,1.766
391,1.6833
392,1.8513
393,1.7747
394,1.7094
395,1.7548
396,1.6898
397,1.6101
398,1.7744
399,1.695
400,1.6199
401,1.7123
402,1.6548
403,1.5989
404,1.6845
405,1.6019
406,1.5426
407,1.7405
408,1.6359
409,1.5266
410,1.446
411,1.5402
412,1.46
413,1.574
414,1.5047
415,1.4095
416,1.6112
417,1.5145
418,1.36
419,1.6193
420,1.575
421,1.4136
422,1.6253
423,1.5134
424,1.4098
425,1.5384
426,1.4685
427,1.3875
428,1.5779
429,1.4655
430,1.4114
431,1.6394
432,1.536
433,1.4577
434,1.5961
435,1.5037
436,1.3766
437,1.6549
438,1.544
439,1.4241
440,1.5672
441,1.4667
442,1.3636
443,1.5998
444,1.5201
445,1.3948
446,1.6259
447,1.4775
448,1.3796
449,1.6224
450,1.4721
451,1.3574
452,1.5939
453,1.4826
454,1.3482
455,1.5949
456,1.4676
457,1.3241
458,1.5721
459,1.4273
460,1.3053
461,1.6272
462,1.4795
463,1.3436
464,1.5856
465,1.4093
466,1.2773
467,1.5925
468,1.4582
469,1.2972
470,1.5223
471,1.3727
472,1.2302
473,1.5267
474,1.375
475,1.2078
476,1.505
477,1.3295
478,1.1605
479,1.5601
480,1.3872
481,1.2119
482,1.4871
483,1.3166
484,1.1486
485,1.4316
486,1.2527
487,1.082
488,1.3653
489,1.2003
490,1.0396
491,1.2983
492,1.1551
493,1.0067
494,1.3087
495,1.1566
496,1.0059
497,1.1746
498,1.0562
499,0.9129
500,1.2723
501,1.1417
502,1.063
503,1.4794
504,1.4334
505,1.3424
506,1.7188
507,1.6533
508,1.6372
509,2.0338
510,2.0262
511,1.9925
512,2.2699
513,2.2184
514,2.2413
515,2.5922
516,2.5882
517,2.6272
518,2.9531
519,2.9551
520,2.9686
521,3.4043
522,3.3807
523,3.3719
524,3.6803
525,3.6684
526,3.6149
527,4.057
528,4.0172
529,3.9897
530,4.29
531,4.2837
532,4.2241
533,4.625
534,4.5656
535,4.5249
536,4.9158
537,4.8684
538,4.8158
539,5.0837
540,5.0466
541,4.9659
542,5.2436
543,5.1574
544,5.1449
545,5.4642
546,5.4821
547,5.381
548,5.6143
549,5.5877
550,5.4892
551,5.7197
552,5.6865
553,5.575
554,5.6839
555,5.6595
556,5.596
557,5.6671
558,5.7042
559,5.6403
560,5.7681
561,5.6433
562,5.6096
563,5.7362
564,5.6609
565,5.5827
566,5.7177
567,5.6088
568,5.6222
569,5.7526
570,5.6942
571,5.6529
572,5.7306
573,5.6388
574,5.5897
575,5.5931
576,5.555
577,5.5197
578,5.5666
579,5.4879
580,5.4501
581,5.4544
582,5.4337
583,5.3657
584,5.3594
585,5.328
586,5.232
587,5.1848
588,5.1948
589,5.1995
590,5.0964
591,5.0712
592,5.0668
593,4.9419
594,4.8771
595,4.8039
596,4.6884
597,4.6259
598,4.5476
599,4.4515
600,4.5255
601,4.4753
602,4.3622
603,4.3277
604,4.243
605,4.1567
606,4.1621
607,4.2126
608,4.1294
609,4.0284
610,3.9826
611,3.9381
612,4.0156
613,4.0736
614,3.7991
615,3.8418
616,3.9119
617,3.8253
618,3.8771
619,3.9271
620,3.789
621,3.8649
624,3.802
625,3.9097
626,3.7034
627,3.7988
628,3.8966
629,3.6962
630,3.7326
631,3.9067
632,3.6488
633,3.6962
634,3.7461
635,3.6134
636,3.667
637,3.7269
638,3.5412
639,3.6297
640,3.7545
641,3.5666
642,3.6499
643,3.7125
644,3.4926
645,3.556
646,3.6886
647,3.5626
648,3.6318
649,3.6879
650,3.5911
651,3.6841
652,3.731
653,3.5661
654,3.6492
655,3.7512
656,3.6609
657,3.7416
658,3.7967
659,3.6466
660,3.6969
661,3.7301
662,3.7237
663,3.7814
664,3.8346
665,3.7779
666,3.8542
667,3.9172
668,3.8309
669,3.8904
670,3.9407
671,3.901
672,3.9334
673,3.9777
674,4.0357
675,4.0303
676,4.0761
677,4.1794
678,4.1738
679,4.2472
680,4.3416
681,4.3507
682,4.3953
683,4.5336
684,4.5221
685,4.4665
686,4.5869
687,4.546
688,4.5435
689,4.7725
690,4.7069
691,4.7237
692,4.7809
693,4.705
694,4.6447
695,4.9277
696,4.8551
697,4.7864
698,4.9518
699,4.8463
700,4.7212
701,5.0782
702,4.9834
703,4.846
704,5.0626
705,4.9824
706,4.8781
707,5.0758
708,4.9407
709,4.8274
710,5.0731
711,4.9605
712,4.8312
713,5.1718
714,5.0308
715,4.8201
716,5.0312
717,4.9061
718,4.7529
719,4.9468
720,4.7309
721,4.5428
722,4.8044
723,4.6725
724,4.5266
725,4.6436
726,4.5231
727,4.3264
728,4.6387
729,4.5108
730,4.3029
731,4.6123
733,4.2604
734,4.3601
735,4.2445
736,4.0066
737,4.0155
738,3.8706
739,3.6554
740,3.8133
741,3.6787
742,3.4
743,3.7324
744,3.5238
745,3.418
746,3.5894
747,3.4005
748,3.2675
749,3.4549
750,3.2579
751,3.1453
752,3.2187
753,3.0854
754,2.9165
755,3.1668
756,3.0283
757,2.9121
758,3.003
759,2.9215
760,2.8168
761,2.8788
762,2.8038
763,2.6771
764,2.7708
765,2.7035
766,2.5191
767,2.7494
768,2.6145
769,2.5345
770,2.6375
771,2.4451
772,2.3819
773,2.5303
774,2.4159
775,2.3425
776,2.5036
777,2.4301
778,2.2173
779,2.3973
780,2.3836
781,2.1495
782,2.3746
783,2.3219
784,2.2049
785,2.4101
786,2.3474
787,2.1571
788,2.3792
789,2.2886
790,2.2131
791,2.2811
792,2.1387
793,2.0667
794,2.2316
795,2.1821
796,2.0594
797,2.0819
798,1.9895
799,1.899
800,1.9495
801,1.9178
802,1.764
803,1.9896
804,1.8579
805,1.8417
806,1.9593
807,1.8364
808,1.7163
809,2.0163
810,2.0156
811,1.9481
814,1.8696
815,1.9538
816,1.8549
817,1.8321
818,1.9625
819,1.9596
820,1.8829
821,1.9329
822,1.9227
823,1.9327
824,1.9999
825,1.8962
826,1.8947
827,2.0543
828,1.9805
829,2.0145
830,2.0421
831,1.9535
832,1.9139
833,1.9476
834,1.9063
835,1.9222
836,1.9158
837,1.8988
838,1.8721
840,1.7869
842,1.8568
843,1.8178
844,1.7809
845,1.7787
846,1.7238
847,1.7618
848,1.7922
849,1.7262
850,1.6555
851,1.6888
852,1.6781
853,1.556
854,1.6712
855,1.5787
856,1.5451
857,1.598
858,1.5579
859,1.4758
860,1.5771
861,1.4611
862,1.413
863,1.6006
864,1.5311
865,1.4127
866,1.6581
867,1.5488
868,1.4278
869,1.6079
870,1.5064
871,1.3846
872,1.6218
873,1.5037
874,1.3863
875,1.677
876,1.5264
877,1.4081
878,1.7647
879,1.6128
880,1.4774
881,1.7897
882,1.6339
883,1.4858
884,1.775
885,1.6127
886,1.445
887,1.7111
888,1.5461
889,1.3896
890,1.6645
891,1.5171
892,1.3692
893,1.6906
894,1.5087
895,1.3233
896,1.7176
897,1.5442
898,1.3297
899,1.7096

Average,2.688065358744394
Max Error,5.7681
Min Error,0.9129
